start_time_s,end_time_s,pitch_midi,velocity,pitch_bend
8.840328344671201,9.014478004535148,60,70,1,1,1,1,1,1,1,1,2,2,2,2,2,2,2
3.9602861678004535,4.100889795918367,59,58,5,2,1,1,1,1,1,1,1,1,0,0,0
1.1029478458049886,1.242267573696145,54,56,1,1,1,1,1,1,1,1,1,1,1,2
