start_time_s,end_time_s,pitch_midi,velocity,pitch_bend
6.296459410430839,6.482219047619048,47,71,2,2,2,2,1,0,0,0,0,1,1,1,1,2,2,2
5.923656235827664,6.064259863945578,47,62,0,1,0,0,0,0,0,0,0,0,0,0,0
5.71467664399093,5.923656235827664,47,47,2,2,0,0,0,2,2,-1,-1,1,1,1,1,1,1,1,1,0
5.308327437641723,5.645016780045351,50,83,0,0,1,1,1,1,1,1,1,1,1,1,0,0,0,0,0,0,0,0,0,0,0,0,0,0,0,0,0
5.1690077097505664,5.308327437641723,50,55,0,0,0,0,0,-1,-1,-1,-1,-1,-1,0
4.960028117913832,5.110957823129252,52,57,0,0,1,1,1,2,3,3,3,3,3,2,2
4.623338775510204,4.785878458049886,53,86,2,2,1,1,1,1,1,1,1,1,1,1,1,1
4.228599546485261,4.623338775510204,53,67,1,0,0,0,0,0,0,0,0,0,0,0,0,0,0,0,0,0,0,0,0,0,0,0,0,0,0,0,0,0,0,0,2,2
3.9138462585034013,4.042839909297052,52,66,2,2,2,2,2,2,2,2,2,2,2,3
3.3449573696145123,3.820966439909297,51,67,3,2,2,0,0,0,0,0,0,0,0,0,0,0,-1,-1,-1,-1,-1,-1,-1,-1,-1,0,0,0,0,0,0,0,0,0,0,0,0,0,0,0,0,0,0
2.8689482993197277,3.252077551020408,49,90,0,1,1,1,1,1,1,1,0,0,0,0,0,0,0,0,1,1,1,1,2,2,2,2,2,2,2,2,2,2,2,3,3
2.2768394557823126,2.590308843537415,54,56,-1,-1,0,0,0,0,0,0,0,0,0,-1,-1,-1,-1,-1,-1,-1,-1,0,0,0,0,0,0,0,-1
2.091079818594104,2.2768394557823126,53,98,1,1,1,1,1,1,1,1,1,1,1,1,1,1,1,1
1.8808163265306121,2.021419954648526,56,78,0,0,0,0,0,0,0,0,0,0,0,-1,-1
1.6718367346938776,1.8808163265306121,54,85,2,2,1,1,1,1,1,1,1,1,1,1,1,1,2,2,1,1
1.509297052154195,1.6950566893424037,56,90,1,1,1,1,1,1,1,1,1,1,1,1,1,1,1,-4
1.1145578231292517,1.509297052154195,56,95,0,1,1,1,1,1,1,1,0,0,0,0,0,0,0,0,0,0,0,0,0,1,1,1,1,1,1,1,1,1,1,1,1,1
0.9520181405895691,1.1145578231292517,56,103,-1,0,0,0,1,1,1,1,1,1,1,1,1,1
0.8010884353741496,0.9520181405895691,55,99,1,1,1,1,1,1,1,1,1,1,1,1,2
4.042839909297052,4.216989569160997,53,81,0,0,0,0,0,1,1,1,1,1,1,1,0,0,0
